Array Size, Run Time, Cutoff
100000,3.91630413,3175
100000,3.29848961,3175
100000,3.45388679,3175
100000,3.91243658,3175
100000,4.63708697,3175
100000,7.32078051,3175
100000,5.98856996,3175
100000,5.69299852,3175
100000,7.52150597,3175
100000,5.94743583,3175
100000,6.31262319,3175
100000,6.73466217,3175
100000,6.43113169,3175
100000,6.13751035,3175
100000,6.08234759,3175
100000,6.9090099,3175
100000,7.48381483,3175
100000,8.17831792,3175
100000,13.27622669,0
