Array Size, Run Time, Cutoff
2000,1.4994960666666666,100
2000,2.728158683327734,100
2000,3.6641218303128746,100
2000,2.101139062934687,100
2000,2.0149281233459897,100
2000,2.2818865890547566,100
2000,5.131768758687628,100
2000,4.523923568130765,100
2000,18.511629539154708,100
